dataset,condition,dimension,technique,range,metric,mean_original,mean_balanced,cohens_d,effect_size
DIATREND,balanced_age_jittering,age,jittering,TBR_2,RMSE,75.282,75.034,0.0323,negligible
DIATREND,balanced_age_oversampling,age,oversampling,TBR_2,RMSE,75.282,73.464,0.2534,small
DIATREND,balanced_age_patient_aware_undersampling,age,patient_aware_undersampling,TBR_2,RMSE,75.282,79.326,-0.5934,medium
DIATREND,balanced_age_reference_proportional,age,reference_proportional,TBR_2,RMSE,75.282,75.392,-0.0159,negligible
DIATREND,balanced_age_smote,age,smote,TBR_2,RMSE,75.282,73.08,0.3163,small
DIATREND,balanced_age_undersampling,age,undersampling,TBR_2,RMSE,75.282,79.204,-0.6376,medium
DIATREND,balanced_sex_jittering,sex,jittering,TBR_2,RMSE,75.282,74.452,0.1126,negligible
DIATREND,balanced_sex_oversampling,sex,oversampling,TBR_2,RMSE,75.282,74.82,0.0667,negligible
DIATREND,balanced_sex_patient_aware_undersampling,sex,patient_aware_undersampling,TBR_2,RMSE,75.282,77.608,-0.3208,small
DIATREND,balanced_sex_reference_proportional,sex,reference_proportional,TBR_2,RMSE,75.282,75.666,-0.057,negligible
DIATREND,balanced_sex_smote,sex,smote,TBR_2,RMSE,75.282,74.526,0.107,negligible
DIATREND,balanced_sex_undersampling,sex,undersampling,TBR_2,RMSE,75.282,76.194,-0.1178,negligible
DIATREND,balanced_age_jittering,age,jittering,TBR_2,MAE,71.218,71.468,-0.0356,negligible
DIATREND,balanced_age_oversampling,age,oversampling,TBR_2,MAE,71.218,69.828,0.2267,small
DIATREND,balanced_age_patient_aware_undersampling,age,patient_aware_undersampling,TBR_2,MAE,71.218,76.056,-0.8802,large
DIATREND,balanced_age_reference_proportional,age,reference_proportional,TBR_2,MAE,71.218,72.022,-0.1392,negligible
DIATREND,balanced_age_smote,age,smote,TBR_2,MAE,71.218,69.39,0.3048,small
DIATREND,balanced_age_undersampling,age,undersampling,TBR_2,MAE,71.218,75.71,-0.9271,large
DIATREND,balanced_sex_jittering,sex,jittering,TBR_2,MAE,71.218,69.908,0.1967,negligible
DIATREND,balanced_sex_oversampling,sex,oversampling,TBR_2,MAE,71.218,70.856,0.0607,negligible
DIATREND,balanced_sex_patient_aware_undersampling,sex,patient_aware_undersampling,TBR_2,MAE,71.218,74.288,-0.4964,small
DIATREND,balanced_sex_reference_proportional,sex,reference_proportional,TBR_2,MAE,71.218,72.004,-0.1382,negligible
DIATREND,balanced_sex_smote,sex,smote,TBR_2,MAE,71.218,69.952,0.1989,negligible
DIATREND,balanced_sex_undersampling,sex,undersampling,TBR_2,MAE,71.218,72.396,-0.1755,negligible
DIATREND,balanced_age_jittering,age,jittering,TBR_1,RMSE,59.826,59.318,0.1169,negligible
DIATREND,balanced_age_oversampling,age,oversampling,TBR_1,RMSE,59.826,57.398,0.5774,medium
DIATREND,balanced_age_patient_aware_undersampling,age,patient_aware_undersampling,TBR_1,RMSE,59.826,62.436,-0.7006,medium
DIATREND,balanced_age_reference_proportional,age,reference_proportional,TBR_1,RMSE,59.826,58.632,0.295,small
DIATREND,balanced_age_smote,age,smote,TBR_1,RMSE,59.826,57.324,0.6316,medium
DIATREND,balanced_age_undersampling,age,undersampling,TBR_1,RMSE,59.826,62.28,-0.7788,medium
DIATREND,balanced_sex_jittering,sex,jittering,TBR_1,RMSE,59.826,59.334,0.1276,negligible
DIATREND,balanced_sex_oversampling,sex,oversampling,TBR_1,RMSE,59.826,59.098,0.1863,negligible
DIATREND,balanced_sex_patient_aware_undersampling,sex,patient_aware_undersampling,TBR_1,RMSE,59.826,61.558,-0.4003,small
DIATREND,balanced_sex_reference_proportional,sex,reference_proportional,TBR_1,RMSE,59.826,59.768,0.0158,negligible
DIATREND,balanced_sex_smote,sex,smote,TBR_1,RMSE,59.826,59.636,0.0508,negligible
DIATREND,balanced_sex_undersampling,sex,undersampling,TBR_1,RMSE,59.826,60.298,-0.1037,negligible
DIATREND,balanced_age_jittering,age,jittering,TBR_1,MAE,55.154,55.296,-0.04,negligible
DIATREND,balanced_age_oversampling,age,oversampling,TBR_1,MAE,55.154,53.002,0.6997,medium
DIATREND,balanced_age_patient_aware_undersampling,age,patient_aware_undersampling,TBR_1,MAE,55.154,58.744,-1.4475,large
DIATREND,balanced_age_reference_proportional,age,reference_proportional,TBR_1,MAE,55.154,54.506,0.231,small
DIATREND,balanced_age_smote,age,smote,TBR_1,MAE,55.154,52.866,0.8222,large
DIATREND,balanced_age_undersampling,age,undersampling,TBR_1,MAE,55.154,58.334,-1.6286,large
DIATREND,balanced_sex_jittering,sex,jittering,TBR_1,MAE,55.154,54.5,0.2355,small
DIATREND,balanced_sex_oversampling,sex,oversampling,TBR_1,MAE,55.154,54.466,0.249,small
DIATREND,balanced_sex_patient_aware_undersampling,sex,patient_aware_undersampling,TBR_1,MAE,55.154,57.664,-0.7593,medium
DIATREND,balanced_sex_reference_proportional,sex,reference_proportional,TBR_1,MAE,55.154,55.386,-0.0912,negligible
DIATREND,balanced_sex_smote,sex,smote,TBR_1,MAE,55.154,54.788,0.1375,negligible
DIATREND,balanced_sex_undersampling,sex,undersampling,TBR_1,MAE,55.154,55.882,-0.2003,small
DIATREND,balanced_age_jittering,age,jittering,TIR,RMSE,30.722,29.672,0.8612,large
DIATREND,balanced_age_oversampling,age,oversampling,TIR,RMSE,30.722,29.446,1.0661,large
DIATREND,balanced_age_patient_aware_undersampling,age,patient_aware_undersampling,TIR,RMSE,30.722,30.124,0.4944,small
DIATREND,balanced_age_reference_proportional,age,reference_proportional,TIR,RMSE,30.722,29.57,0.9485,large
DIATREND,balanced_age_smote,age,smote,TIR,RMSE,30.722,29.57,0.9888,large
DIATREND,balanced_age_undersampling,age,undersampling,TIR,RMSE,30.722,30.524,0.1721,negligible
DIATREND,balanced_sex_jittering,sex,jittering,TIR,RMSE,30.722,30.13,0.5209,medium
DIATREND,balanced_sex_oversampling,sex,oversampling,TIR,RMSE,30.722,30.148,0.5159,medium
DIATREND,balanced_sex_patient_aware_undersampling,sex,patient_aware_undersampling,TIR,RMSE,30.722,30.43,0.2582,small
DIATREND,balanced_sex_reference_proportional,sex,reference_proportional,TIR,RMSE,30.722,30.264,0.392,small
DIATREND,balanced_sex_smote,sex,smote,TIR,RMSE,30.722,30.354,0.329,small
DIATREND,balanced_sex_undersampling,sex,undersampling,TIR,RMSE,30.722,30.64,0.073,negligible
DIATREND,balanced_age_jittering,age,jittering,TIR,MAE,22.668,22.042,0.8357,large
DIATREND,balanced_age_oversampling,age,oversampling,TIR,MAE,22.668,21.726,1.3411,large
DIATREND,balanced_age_patient_aware_undersampling,age,patient_aware_undersampling,TIR,MAE,22.668,22.588,0.1035,negligible
DIATREND,balanced_age_reference_proportional,age,reference_proportional,TIR,MAE,22.668,21.842,1.1101,large
DIATREND,balanced_age_smote,age,smote,TIR,MAE,22.668,21.834,1.1685,large
DIATREND,balanced_age_undersampling,age,undersampling,TIR,MAE,22.668,22.746,-0.0994,negligible
DIATREND,balanced_sex_jittering,sex,jittering,TIR,MAE,22.668,22.174,0.6582,medium
DIATREND,balanced_sex_oversampling,sex,oversampling,TIR,MAE,22.668,22.204,0.6348,medium
DIATREND,balanced_sex_patient_aware_undersampling,sex,patient_aware_undersampling,TIR,MAE,22.668,22.502,0.2217,small
DIATREND,balanced_sex_reference_proportional,sex,reference_proportional,TIR,MAE,22.668,22.372,0.3839,small
DIATREND,balanced_sex_smote,sex,smote,TIR,MAE,22.668,22.388,0.3855,small
DIATREND,balanced_sex_undersampling,sex,undersampling,TIR,MAE,22.668,22.626,0.0632,negligible
DIATREND,balanced_age_jittering,age,jittering,TAR_1,RMSE,42.08,44.192,-1.7035,large
DIATREND,balanced_age_oversampling,age,oversampling,TAR_1,RMSE,42.08,44.926,-2.1441,large
DIATREND,balanced_age_patient_aware_undersampling,age,patient_aware_undersampling,TAR_1,RMSE,42.08,43.088,-0.875,large
DIATREND,balanced_age_reference_proportional,age,reference_proportional,TAR_1,RMSE,42.08,44.638,-1.9544,large
DIATREND,balanced_age_smote,age,smote,TAR_1,RMSE,42.08,44.59,-2.1405,large
DIATREND,balanced_age_undersampling,age,undersampling,TAR_1,RMSE,42.08,42.846,-0.5794,medium
DIATREND,balanced_sex_jittering,sex,jittering,TAR_1,RMSE,42.08,42.602,-0.4533,small
DIATREND,balanced_sex_oversampling,sex,oversampling,TAR_1,RMSE,42.08,42.786,-0.5316,medium
DIATREND,balanced_sex_patient_aware_undersampling,sex,patient_aware_undersampling,TAR_1,RMSE,42.08,42.518,-0.3544,small
DIATREND,balanced_sex_reference_proportional,sex,reference_proportional,TAR_1,RMSE,42.08,42.854,-0.5741,medium
DIATREND,balanced_sex_smote,sex,smote,TAR_1,RMSE,42.08,42.444,-0.2894,small
DIATREND,balanced_sex_undersampling,sex,undersampling,TAR_1,RMSE,42.08,42.21,-0.0893,negligible
DIATREND,balanced_age_jittering,age,jittering,TAR_1,MAE,32.902,35.104,-2.233,large
DIATREND,balanced_age_oversampling,age,oversampling,TAR_1,MAE,32.902,35.97,-3.054,large
DIATREND,balanced_age_patient_aware_undersampling,age,patient_aware_undersampling,TAR_1,MAE,32.902,34.548,-1.9854,large
DIATREND,balanced_age_reference_proportional,age,reference_proportional,TAR_1,MAE,32.902,35.738,-2.673,large
DIATREND,balanced_age_smote,age,smote,TAR_1,MAE,32.902,35.622,-3.0547,large
DIATREND,balanced_age_undersampling,age,undersampling,TAR_1,MAE,32.902,33.96,-0.9922,large
DIATREND,balanced_sex_jittering,sex,jittering,TAR_1,MAE,32.902,33.44,-0.6251,medium
DIATREND,balanced_sex_oversampling,sex,oversampling,TAR_1,MAE,32.902,33.64,-0.7106,medium
DIATREND,balanced_sex_patient_aware_undersampling,sex,patient_aware_undersampling,TAR_1,MAE,32.902,33.468,-0.6362,medium
DIATREND,balanced_sex_reference_proportional,sex,reference_proportional,TAR_1,MAE,32.902,33.766,-0.8469,large
DIATREND,balanced_sex_smote,sex,smote,TAR_1,MAE,32.902,33.324,-0.4188,small
DIATREND,balanced_sex_undersampling,sex,undersampling,TAR_1,MAE,32.902,32.994,-0.0912,negligible
DIATREND,balanced_age_jittering,age,jittering,TAR_2,RMSE,72.338,76.274,-1.2074,large
DIATREND,balanced_age_oversampling,age,oversampling,TAR_2,RMSE,72.338,74.896,-0.7175,medium
DIATREND,balanced_age_patient_aware_undersampling,age,patient_aware_undersampling,TAR_2,RMSE,72.338,82.378,-1.7544,large
DIATREND,balanced_age_reference_proportional,age,reference_proportional,TAR_2,RMSE,72.338,74.998,-0.7364,medium
DIATREND,balanced_age_smote,age,smote,TAR_2,RMSE,72.338,74.462,-0.6382,medium
DIATREND,balanced_age_undersampling,age,undersampling,TAR_2,RMSE,72.338,81.016,-2.0663,large
DIATREND,balanced_sex_jittering,sex,jittering,TAR_2,RMSE,72.338,73.106,-0.2211,small
DIATREND,balanced_sex_oversampling,sex,oversampling,TAR_2,RMSE,72.338,72.98,-0.1753,negligible
DIATREND,balanced_sex_patient_aware_undersampling,sex,patient_aware_undersampling,TAR_2,RMSE,72.338,72.65,-0.0858,negligible
DIATREND,balanced_sex_reference_proportional,sex,reference_proportional,TAR_2,RMSE,72.338,72.942,-0.1644,negligible
DIATREND,balanced_sex_smote,sex,smote,TAR_2,RMSE,72.338,72.364,-0.0075,negligible
DIATREND,balanced_sex_undersampling,sex,undersampling,TAR_2,RMSE,72.338,72.594,-0.0723,negligible
DIATREND,balanced_age_jittering,age,jittering,TAR_2,MAE,60.546,64.666,-1.4682,large
DIATREND,balanced_age_oversampling,age,oversampling,TAR_2,MAE,60.546,63.058,-0.8393,large
DIATREND,balanced_age_patient_aware_undersampling,age,patient_aware_undersampling,TAR_2,MAE,60.546,71.596,-2.091,large
DIATREND,balanced_age_reference_proportional,age,reference_proportional,TAR_2,MAE,60.546,63.228,-0.866,large
DIATREND,balanced_age_smote,age,smote,TAR_2,MAE,60.546,62.676,-0.7723,medium
DIATREND,balanced_age_undersampling,age,undersampling,TAR_2,MAE,60.546,69.816,-2.4205,large
DIATREND,balanced_sex_jittering,sex,jittering,TAR_2,MAE,60.546,61.452,-0.3028,small
DIATREND,balanced_sex_oversampling,sex,oversampling,TAR_2,MAE,60.546,61.372,-0.2644,small
DIATREND,balanced_sex_patient_aware_undersampling,sex,patient_aware_undersampling,TAR_2,MAE,60.546,60.894,-0.1105,negligible
DIATREND,balanced_sex_reference_proportional,sex,reference_proportional,TAR_2,MAE,60.546,61.284,-0.2313,small
DIATREND,balanced_sex_smote,sex,smote,TAR_2,MAE,60.546,60.654,-0.0358,negligible
DIATREND,balanced_sex_undersampling,sex,undersampling,TAR_2,MAE,60.546,60.932,-0.1256,negligible
DIATREND,balanced_age_jittering,age,jittering,ENTIRE,RMSE,45.046,46.382,-0.587,medium
DIATREND,balanced_age_oversampling,age,oversampling,ENTIRE,RMSE,45.046,46.066,-0.442,small
DIATREND,balanced_age_patient_aware_undersampling,age,patient_aware_undersampling,ENTIRE,RMSE,45.046,48.336,-1.0744,large
DIATREND,balanced_age_reference_proportional,age,reference_proportional,ENTIRE,RMSE,45.046,46.092,-0.4434,small
DIATREND,balanced_age_smote,age,smote,ENTIRE,RMSE,45.046,45.87,-0.3737,small
DIATREND,balanced_age_undersampling,age,undersampling,ENTIRE,RMSE,45.046,47.932,-1.0661,large
DIATREND,balanced_sex_jittering,sex,jittering,ENTIRE,RMSE,45.046,45.16,-0.0499,negligible
DIATREND,balanced_sex_oversampling,sex,oversampling,ENTIRE,RMSE,45.046,45.184,-0.0582,negligible
DIATREND,balanced_sex_patient_aware_undersampling,sex,patient_aware_undersampling,ENTIRE,RMSE,45.046,45.178,-0.0567,negligible
DIATREND,balanced_sex_reference_proportional,sex,reference_proportional,ENTIRE,RMSE,45.046,45.268,-0.0941,negligible
DIATREND,balanced_sex_smote,sex,smote,ENTIRE,RMSE,45.046,45.002,0.0196,negligible
DIATREND,balanced_sex_undersampling,sex,undersampling,ENTIRE,RMSE,45.046,45.108,-0.0275,negligible
DIATREND,balanced_age_jittering,age,jittering,ENTIRE,MAE,33.25,34.286,-0.5941,medium
DIATREND,balanced_age_oversampling,age,oversampling,ENTIRE,MAE,33.25,34.05,-0.467,small
DIATREND,balanced_age_patient_aware_undersampling,age,patient_aware_undersampling,ENTIRE,MAE,33.25,35.83,-1.1881,large
DIATREND,balanced_age_reference_proportional,age,reference_proportional,ENTIRE,MAE,33.25,34.102,-0.4799,small
DIATREND,balanced_age_smote,age,smote,ENTIRE,MAE,33.25,33.924,-0.4086,small
DIATREND,balanced_age_undersampling,age,undersampling,ENTIRE,MAE,33.25,35.396,-1.022,large
DIATREND,balanced_sex_jittering,sex,jittering,ENTIRE,MAE,33.25,33.284,-0.0196,negligible
DIATREND,balanced_sex_oversampling,sex,oversampling,ENTIRE,MAE,33.25,33.352,-0.0575,negligible
DIATREND,balanced_sex_patient_aware_undersampling,sex,patient_aware_undersampling,ENTIRE,MAE,33.25,33.426,-0.1005,negligible
DIATREND,balanced_sex_reference_proportional,sex,reference_proportional,ENTIRE,MAE,33.25,33.492,-0.1338,negligible
DIATREND,balanced_sex_smote,sex,smote,ENTIRE,MAE,33.25,33.234,0.0094,negligible
DIATREND,balanced_sex_undersampling,sex,undersampling,ENTIRE,MAE,33.25,33.31,-0.0362,negligible
REPLACE-BG,balanced_age_jittering,age,jittering,TBR_2,RMSE,57.286,56.494,0.5412,medium
REPLACE-BG,balanced_age_oversampling,age,oversampling,TBR_2,RMSE,57.286,56.988,0.2354,small
REPLACE-BG,balanced_age_patient_aware_undersampling,age,patient_aware_undersampling,TBR_2,RMSE,57.286,56.234,0.8804,large
REPLACE-BG,balanced_age_reference_proportional,age,reference_proportional,TBR_2,RMSE,57.286,57.362,-0.0567,negligible
REPLACE-BG,balanced_age_smote,age,smote,TBR_2,RMSE,57.286,56.746,0.4114,small
REPLACE-BG,balanced_age_undersampling,age,undersampling,TBR_2,RMSE,57.286,57.558,-0.2117,small
REPLACE-BG,balanced_sex_jittering,sex,jittering,TBR_2,RMSE,57.286,56.94,0.2453,small
REPLACE-BG,balanced_sex_oversampling,sex,oversampling,TBR_2,RMSE,57.286,56.986,0.2444,small
REPLACE-BG,balanced_sex_patient_aware_undersampling,sex,patient_aware_undersampling,TBR_2,RMSE,57.286,56.788,0.3502,small
REPLACE-BG,balanced_sex_reference_proportional,sex,reference_proportional,TBR_2,RMSE,57.286,57.206,0.0677,negligible
REPLACE-BG,balanced_sex_smote,sex,smote,TBR_2,RMSE,57.286,56.41,0.4878,small
REPLACE-BG,balanced_sex_undersampling,sex,undersampling,TBR_2,RMSE,57.286,56.766,0.3461,small
REPLACE-BG,balanced_age_jittering,age,jittering,TBR_2,MAE,54.454,53.502,0.6676,medium
REPLACE-BG,balanced_age_oversampling,age,oversampling,TBR_2,MAE,54.454,54.222,0.1922,negligible
REPLACE-BG,balanced_age_patient_aware_undersampling,age,patient_aware_undersampling,TBR_2,MAE,54.454,53.262,1.0493,large
REPLACE-BG,balanced_age_reference_proportional,age,reference_proportional,TBR_2,MAE,54.454,54.648,-0.1521,negligible
REPLACE-BG,balanced_age_smote,age,smote,TBR_2,MAE,54.454,53.71,0.5579,medium
REPLACE-BG,balanced_age_undersampling,age,undersampling,TBR_2,MAE,54.454,54.926,-0.3934,small
REPLACE-BG,balanced_sex_jittering,sex,jittering,TBR_2,MAE,54.454,54.178,0.2198,small
REPLACE-BG,balanced_sex_oversampling,sex,oversampling,TBR_2,MAE,54.454,54.1,0.2865,small
REPLACE-BG,balanced_sex_patient_aware_undersampling,sex,patient_aware_undersampling,TBR_2,MAE,54.454,53.786,0.5027,medium
REPLACE-BG,balanced_sex_reference_proportional,sex,reference_proportional,TBR_2,MAE,54.454,54.416,0.0303,negligible
REPLACE-BG,balanced_sex_smote,sex,smote,TBR_2,MAE,54.454,53.476,0.5472,medium
REPLACE-BG,balanced_sex_undersampling,sex,undersampling,TBR_2,MAE,54.454,53.928,0.3719,small
REPLACE-BG,balanced_age_jittering,age,jittering,TBR_1,RMSE,42.016,41.076,0.7734,medium
REPLACE-BG,balanced_age_oversampling,age,oversampling,TBR_1,RMSE,42.016,41.48,0.4703,small
REPLACE-BG,balanced_age_patient_aware_undersampling,age,patient_aware_undersampling,TBR_1,RMSE,42.016,40.994,1.0225,large
REPLACE-BG,balanced_age_reference_proportional,age,reference_proportional,TBR_1,RMSE,42.016,42.14,-0.1154,negligible
REPLACE-BG,balanced_age_smote,age,smote,TBR_1,RMSE,42.016,41.554,0.399,small
REPLACE-BG,balanced_age_undersampling,age,undersampling,TBR_1,RMSE,42.016,42.13,-0.1117,negligible
REPLACE-BG,balanced_sex_jittering,sex,jittering,TBR_1,RMSE,42.016,41.546,0.4194,small
REPLACE-BG,balanced_sex_oversampling,sex,oversampling,TBR_1,RMSE,42.016,41.708,0.3012,small
REPLACE-BG,balanced_sex_patient_aware_undersampling,sex,patient_aware_undersampling,TBR_1,RMSE,42.016,41.47,0.4888,small
REPLACE-BG,balanced_sex_reference_proportional,sex,reference_proportional,TBR_1,RMSE,42.016,41.832,0.2024,small
REPLACE-BG,balanced_sex_smote,sex,smote,TBR_1,RMSE,42.016,40.992,0.7152,medium
REPLACE-BG,balanced_sex_undersampling,sex,undersampling,TBR_1,RMSE,42.016,41.392,0.5216,medium
REPLACE-BG,balanced_age_jittering,age,jittering,TBR_1,MAE,38.572,37.418,1.0196,large
REPLACE-BG,balanced_age_oversampling,age,oversampling,TBR_1,MAE,38.572,38.028,0.5137,medium
REPLACE-BG,balanced_age_patient_aware_undersampling,age,patient_aware_undersampling,TBR_1,MAE,38.572,37.374,1.3154,large
REPLACE-BG,balanced_age_reference_proportional,age,reference_proportional,TBR_1,MAE,38.572,38.9,-0.3384,small
REPLACE-BG,balanced_age_smote,age,smote,TBR_1,MAE,38.572,37.946,0.5649,medium
REPLACE-BG,balanced_age_undersampling,age,undersampling,TBR_1,MAE,38.572,38.886,-0.3493,small
REPLACE-BG,balanced_sex_jittering,sex,jittering,TBR_1,MAE,38.572,38.124,0.4592,small
REPLACE-BG,balanced_sex_oversampling,sex,oversampling,TBR_1,MAE,38.572,38.18,0.3842,small
REPLACE-BG,balanced_sex_patient_aware_undersampling,sex,patient_aware_undersampling,TBR_1,MAE,38.572,37.854,0.7414,medium
REPLACE-BG,balanced_sex_reference_proportional,sex,reference_proportional,TBR_1,MAE,38.572,38.404,0.1679,negligible
REPLACE-BG,balanced_sex_smote,sex,smote,TBR_1,MAE,38.572,37.36,0.8737,large
REPLACE-BG,balanced_sex_undersampling,sex,undersampling,TBR_1,MAE,38.572,37.912,0.6347,medium
REPLACE-BG,balanced_age_jittering,age,jittering,TIR,RMSE,25.656,25.718,-0.123,negligible
REPLACE-BG,balanced_age_oversampling,age,oversampling,TIR,RMSE,25.656,25.7,-0.0769,negligible
REPLACE-BG,balanced_age_patient_aware_undersampling,age,patient_aware_undersampling,TIR,RMSE,25.656,25.774,-0.2047,small
REPLACE-BG,balanced_age_reference_proportional,age,reference_proportional,TIR,RMSE,25.656,25.624,0.0659,negligible
REPLACE-BG,balanced_age_smote,age,smote,TIR,RMSE,25.656,25.796,-0.2427,small
REPLACE-BG,balanced_age_undersampling,age,undersampling,TIR,RMSE,25.656,25.758,-0.1945,negligible
REPLACE-BG,balanced_sex_jittering,sex,jittering,TIR,RMSE,25.656,25.764,-0.2036,small
REPLACE-BG,balanced_sex_oversampling,sex,oversampling,TIR,RMSE,25.656,25.73,-0.1349,negligible
REPLACE-BG,balanced_sex_patient_aware_undersampling,sex,patient_aware_undersampling,TIR,RMSE,25.656,25.74,-0.1544,negligible
REPLACE-BG,balanced_sex_reference_proportional,sex,reference_proportional,TIR,RMSE,25.656,25.732,-0.1243,negligible
REPLACE-BG,balanced_sex_smote,sex,smote,TIR,RMSE,25.656,25.794,-0.2719,small
REPLACE-BG,balanced_sex_undersampling,sex,undersampling,TIR,RMSE,25.656,25.766,-0.1977,negligible
REPLACE-BG,balanced_age_jittering,age,jittering,TIR,MAE,19.014,19.026,-0.0358,negligible
REPLACE-BG,balanced_age_oversampling,age,oversampling,TIR,MAE,19.014,19.072,-0.1511,negligible
REPLACE-BG,balanced_age_patient_aware_undersampling,age,patient_aware_undersampling,TIR,MAE,19.014,19.066,-0.1357,negligible
REPLACE-BG,balanced_age_reference_proportional,age,reference_proportional,TIR,MAE,19.014,19.078,-0.2035,small
REPLACE-BG,balanced_age_smote,age,smote,TIR,MAE,19.014,19.118,-0.2687,small
REPLACE-BG,balanced_age_undersampling,age,undersampling,TIR,MAE,19.014,19.136,-0.3484,small
REPLACE-BG,balanced_sex_jittering,sex,jittering,TIR,MAE,19.014,19.078,-0.1894,negligible
REPLACE-BG,balanced_sex_oversampling,sex,oversampling,TIR,MAE,19.014,19.062,-0.1351,negligible
REPLACE-BG,balanced_sex_patient_aware_undersampling,sex,patient_aware_undersampling,TIR,MAE,19.014,19.064,-0.1453,negligible
REPLACE-BG,balanced_sex_reference_proportional,sex,reference_proportional,TIR,MAE,19.014,19.092,-0.2063,small
REPLACE-BG,balanced_sex_smote,sex,smote,TIR,MAE,19.014,19.112,-0.2788,small
REPLACE-BG,balanced_sex_undersampling,sex,undersampling,TIR,MAE,19.014,19.072,-0.1591,negligible
REPLACE-BG,balanced_age_jittering,age,jittering,TAR_1,RMSE,43.176,43.812,-0.6555,medium
REPLACE-BG,balanced_age_oversampling,age,oversampling,TAR_1,RMSE,43.176,43.53,-0.3556,small
REPLACE-BG,balanced_age_patient_aware_undersampling,age,patient_aware_undersampling,TAR_1,RMSE,43.176,43.488,-0.2752,small
REPLACE-BG,balanced_age_reference_proportional,age,reference_proportional,TAR_1,RMSE,43.176,43.616,-0.4607,small
REPLACE-BG,balanced_age_smote,age,smote,TAR_1,RMSE,43.176,43.376,-0.2176,small
REPLACE-BG,balanced_age_undersampling,age,undersampling,TAR_1,RMSE,43.176,43.394,-0.2325,small
REPLACE-BG,balanced_sex_jittering,sex,jittering,TAR_1,RMSE,43.176,43.304,-0.1126,negligible
REPLACE-BG,balanced_sex_oversampling,sex,oversampling,TAR_1,RMSE,43.176,43.248,-0.0614,negligible
REPLACE-BG,balanced_sex_patient_aware_undersampling,sex,patient_aware_undersampling,TAR_1,RMSE,43.176,43.456,-0.2844,small
REPLACE-BG,balanced_sex_reference_proportional,sex,reference_proportional,TAR_1,RMSE,43.176,43.456,-0.2623,small
REPLACE-BG,balanced_sex_smote,sex,smote,TAR_1,RMSE,43.176,43.588,-0.3861,small
REPLACE-BG,balanced_sex_undersampling,sex,undersampling,TAR_1,RMSE,43.176,43.452,-0.3117,small
REPLACE-BG,balanced_age_jittering,age,jittering,TAR_1,MAE,34.56,35.0,-0.5552,medium
REPLACE-BG,balanced_age_oversampling,age,oversampling,TAR_1,MAE,34.56,34.724,-0.2129,small
REPLACE-BG,balanced_age_patient_aware_undersampling,age,patient_aware_undersampling,TAR_1,MAE,34.56,34.704,-0.1519,negligible
REPLACE-BG,balanced_age_reference_proportional,age,reference_proportional,TAR_1,MAE,34.56,34.966,-0.5559,medium
REPLACE-BG,balanced_age_smote,age,smote,TAR_1,MAE,34.56,34.642,-0.1115,negligible
REPLACE-BG,balanced_age_undersampling,age,undersampling,TAR_1,MAE,34.56,34.634,-0.0959,negligible
REPLACE-BG,balanced_sex_jittering,sex,jittering,TAR_1,MAE,34.56,34.424,0.138,negligible
REPLACE-BG,balanced_sex_oversampling,sex,oversampling,TAR_1,MAE,34.56,34.572,-0.0118,negligible
REPLACE-BG,balanced_sex_patient_aware_undersampling,sex,patient_aware_undersampling,TAR_1,MAE,34.56,34.766,-0.2882,small
REPLACE-BG,balanced_sex_reference_proportional,sex,reference_proportional,TAR_1,MAE,34.56,34.716,-0.1861,negligible
REPLACE-BG,balanced_sex_smote,sex,smote,TAR_1,MAE,34.56,34.806,-0.2901,small
REPLACE-BG,balanced_sex_undersampling,sex,undersampling,TAR_1,MAE,34.56,34.674,-0.1733,negligible
REPLACE-BG,balanced_age_jittering,age,jittering,TAR_2,RMSE,69.312,68.954,0.3879,small
REPLACE-BG,balanced_age_oversampling,age,oversampling,TAR_2,RMSE,69.312,68.562,0.8751,large
REPLACE-BG,balanced_age_patient_aware_undersampling,age,patient_aware_undersampling,TAR_2,RMSE,69.312,68.12,1.154,large
REPLACE-BG,balanced_age_reference_proportional,age,reference_proportional,TAR_2,RMSE,69.312,68.822,0.5705,medium
REPLACE-BG,balanced_age_smote,age,smote,TAR_2,RMSE,69.312,68.318,1.1894,large
REPLACE-BG,balanced_age_undersampling,age,undersampling,TAR_2,RMSE,69.312,68.624,0.5711,medium
REPLACE-BG,balanced_sex_jittering,sex,jittering,TAR_2,RMSE,69.312,68.54,0.7618,medium
REPLACE-BG,balanced_sex_oversampling,sex,oversampling,TAR_2,RMSE,69.312,68.94,0.3022,small
REPLACE-BG,balanced_sex_patient_aware_undersampling,sex,patient_aware_undersampling,TAR_2,RMSE,69.312,68.096,1.5951,large
REPLACE-BG,balanced_sex_reference_proportional,sex,reference_proportional,TAR_2,RMSE,69.312,68.556,0.5553,medium
REPLACE-BG,balanced_sex_smote,sex,smote,TAR_2,RMSE,69.312,68.302,0.9152,large
REPLACE-BG,balanced_sex_undersampling,sex,undersampling,TAR_2,RMSE,69.312,68.516,0.9475,large
REPLACE-BG,balanced_age_jittering,age,jittering,TAR_2,MAE,59.366,58.682,0.7442,medium
REPLACE-BG,balanced_age_oversampling,age,oversampling,TAR_2,MAE,59.366,58.364,1.1883,large
REPLACE-BG,balanced_age_patient_aware_undersampling,age,patient_aware_undersampling,TAR_2,MAE,59.366,57.85,1.5432,large
REPLACE-BG,balanced_age_reference_proportional,age,reference_proportional,TAR_2,MAE,59.366,58.646,0.8876,large
REPLACE-BG,balanced_age_smote,age,smote,TAR_2,MAE,59.366,58.032,1.5635,large
REPLACE-BG,balanced_age_undersampling,age,undersampling,TAR_2,MAE,59.366,58.442,0.7164,medium
REPLACE-BG,balanced_sex_jittering,sex,jittering,TAR_2,MAE,59.366,58.328,1.0841,large
REPLACE-BG,balanced_sex_oversampling,sex,oversampling,TAR_2,MAE,59.366,58.82,0.3854,small
REPLACE-BG,balanced_sex_patient_aware_undersampling,sex,patient_aware_undersampling,TAR_2,MAE,59.366,57.856,2.0718,large
REPLACE-BG,balanced_sex_reference_proportional,sex,reference_proportional,TAR_2,MAE,59.366,58.396,0.6964,medium
REPLACE-BG,balanced_sex_smote,sex,smote,TAR_2,MAE,59.366,58.092,1.1222,large
REPLACE-BG,balanced_sex_undersampling,sex,undersampling,TAR_2,MAE,59.366,58.32,1.1897,large
REPLACE-BG,balanced_age_jittering,age,jittering,ENTIRE,RMSE,37.004,37.11,-0.1244,negligible
REPLACE-BG,balanced_age_oversampling,age,oversampling,ENTIRE,RMSE,37.004,36.972,0.0383,negligible
REPLACE-BG,balanced_age_patient_aware_undersampling,age,patient_aware_undersampling,ENTIRE,RMSE,37.004,36.888,0.1432,negligible
REPLACE-BG,balanced_age_reference_proportional,age,reference_proportional,ENTIRE,RMSE,37.004,37.03,-0.0332,negligible
REPLACE-BG,balanced_age_smote,age,smote,ENTIRE,RMSE,37.004,36.932,0.0824,negligible
REPLACE-BG,balanced_age_undersampling,age,undersampling,ENTIRE,RMSE,37.004,37.01,-0.0068,negligible
REPLACE-BG,balanced_sex_jittering,sex,jittering,ENTIRE,RMSE,37.004,36.928,0.0911,negligible
REPLACE-BG,balanced_sex_oversampling,sex,oversampling,ENTIRE,RMSE,37.004,36.994,0.0107,negligible
REPLACE-BG,balanced_sex_patient_aware_undersampling,sex,patient_aware_undersampling,ENTIRE,RMSE,37.004,36.88,0.1534,negligible
REPLACE-BG,balanced_sex_reference_proportional,sex,reference_proportional,ENTIRE,RMSE,37.004,36.97,0.0454,negligible
REPLACE-BG,balanced_sex_smote,sex,smote,ENTIRE,RMSE,37.004,36.952,0.0646,negligible
REPLACE-BG,balanced_sex_undersampling,sex,undersampling,ENTIRE,RMSE,37.004,36.968,0.0425,negligible
REPLACE-BG,balanced_age_jittering,age,jittering,ENTIRE,MAE,27.154,27.176,-0.0277,negligible
REPLACE-BG,balanced_age_oversampling,age,oversampling,ENTIRE,MAE,27.154,27.124,0.0392,negligible
REPLACE-BG,balanced_age_patient_aware_undersampling,age,patient_aware_undersampling,ENTIRE,MAE,27.154,27.036,0.1621,negligible
REPLACE-BG,balanced_age_reference_proportional,age,reference_proportional,ENTIRE,MAE,27.154,27.236,-0.1129,negligible
REPLACE-BG,balanced_age_smote,age,smote,ENTIRE,MAE,27.154,27.102,0.0653,negligible
REPLACE-BG,balanced_age_undersampling,age,undersampling,ENTIRE,MAE,27.154,27.19,-0.0444,negligible
REPLACE-BG,balanced_sex_jittering,sex,jittering,ENTIRE,MAE,27.154,27.052,0.1338,negligible
REPLACE-BG,balanced_sex_oversampling,sex,oversampling,ENTIRE,MAE,27.154,27.138,0.0192,negligible
REPLACE-BG,balanced_sex_patient_aware_undersampling,sex,patient_aware_undersampling,ENTIRE,MAE,27.154,27.072,0.1092,negligible
REPLACE-BG,balanced_sex_reference_proportional,sex,reference_proportional,ENTIRE,MAE,27.154,27.138,0.024,negligible
REPLACE-BG,balanced_sex_smote,sex,smote,ENTIRE,MAE,27.154,27.112,0.0565,negligible
REPLACE-BG,balanced_sex_undersampling,sex,undersampling,ENTIRE,MAE,27.154,27.102,0.0684,negligible
T1DiabetesGranada,balanced_age_jittering,age,jittering,TBR_2,RMSE,39.376,40.606,-0.9774,large
T1DiabetesGranada,balanced_age_oversampling,age,oversampling,TBR_2,RMSE,39.376,40.044,-0.4169,small
T1DiabetesGranada,balanced_age_patient_aware_undersampling,age,patient_aware_undersampling,TBR_2,RMSE,39.376,40.198,-0.5188,medium
T1DiabetesGranada,balanced_age_reference_proportional,age,reference_proportional,TBR_2,RMSE,39.376,39.982,-0.4432,small
T1DiabetesGranada,balanced_age_smote,age,smote,TBR_2,RMSE,39.376,39.268,0.0773,negligible
T1DiabetesGranada,balanced_age_undersampling,age,undersampling,TBR_2,RMSE,39.376,40.692,-0.8833,large
T1DiabetesGranada,balanced_sex_jittering,sex,jittering,TBR_2,RMSE,39.376,39.526,-0.0977,negligible
T1DiabetesGranada,balanced_sex_oversampling,sex,oversampling,TBR_2,RMSE,39.376,39.502,-0.088,negligible
T1DiabetesGranada,balanced_sex_patient_aware_undersampling,sex,patient_aware_undersampling,TBR_2,RMSE,39.376,39.316,0.0422,negligible
T1DiabetesGranada,balanced_sex_reference_proportional,sex,reference_proportional,TBR_2,RMSE,39.376,39.72,-0.252,small
T1DiabetesGranada,balanced_sex_smote,sex,smote,TBR_2,RMSE,39.376,39.386,-0.0079,negligible
T1DiabetesGranada,balanced_sex_undersampling,sex,undersampling,TBR_2,RMSE,39.376,39.094,0.1805,negligible
T1DiabetesGranada,balanced_age_jittering,age,jittering,TBR_2,MAE,35.106,36.574,-1.188,large
T1DiabetesGranada,balanced_age_oversampling,age,oversampling,TBR_2,MAE,35.106,35.77,-0.4436,small
T1DiabetesGranada,balanced_age_patient_aware_undersampling,age,patient_aware_undersampling,TBR_2,MAE,35.106,35.976,-0.5816,medium
T1DiabetesGranada,balanced_age_reference_proportional,age,reference_proportional,TBR_2,MAE,35.106,35.932,-0.7324,medium
T1DiabetesGranada,balanced_age_smote,age,smote,TBR_2,MAE,35.106,34.74,0.2798,small
T1DiabetesGranada,balanced_age_undersampling,age,undersampling,TBR_2,MAE,35.106,36.892,-1.1618,large
T1DiabetesGranada,balanced_sex_jittering,sex,jittering,TBR_2,MAE,35.106,35.378,-0.1827,negligible
T1DiabetesGranada,balanced_sex_oversampling,sex,oversampling,TBR_2,MAE,35.106,35.482,-0.2812,small
T1DiabetesGranada,balanced_sex_patient_aware_undersampling,sex,patient_aware_undersampling,TBR_2,MAE,35.106,35.046,0.0481,negligible
T1DiabetesGranada,balanced_sex_reference_proportional,sex,reference_proportional,TBR_2,MAE,35.106,35.424,-0.2647,small
T1DiabetesGranada,balanced_sex_smote,sex,smote,TBR_2,MAE,35.106,34.998,0.0989,negligible
T1DiabetesGranada,balanced_sex_undersampling,sex,undersampling,TBR_2,MAE,35.106,34.824,0.2005,small
T1DiabetesGranada,balanced_age_jittering,age,jittering,TBR_1,RMSE,35.916,36.414,-0.5486,medium
T1DiabetesGranada,balanced_age_oversampling,age,oversampling,TBR_1,RMSE,35.916,36.18,-0.224,small
T1DiabetesGranada,balanced_age_patient_aware_undersampling,age,patient_aware_undersampling,TBR_1,RMSE,35.916,36.498,-0.4768,small
T1DiabetesGranada,balanced_age_reference_proportional,age,reference_proportional,TBR_1,RMSE,35.916,36.134,-0.221,small
T1DiabetesGranada,balanced_age_smote,age,smote,TBR_1,RMSE,35.916,35.778,0.142,negligible
T1DiabetesGranada,balanced_age_undersampling,age,undersampling,TBR_1,RMSE,35.916,37.11,-1.053,large
T1DiabetesGranada,balanced_sex_jittering,sex,jittering,TBR_1,RMSE,35.916,35.584,0.291,small
T1DiabetesGranada,balanced_sex_oversampling,sex,oversampling,TBR_1,RMSE,35.916,35.742,0.1597,negligible
T1DiabetesGranada,balanced_sex_patient_aware_undersampling,sex,patient_aware_undersampling,TBR_1,RMSE,35.916,35.662,0.2427,small
T1DiabetesGranada,balanced_sex_reference_proportional,sex,reference_proportional,TBR_1,RMSE,35.916,35.986,-0.0633,negligible
T1DiabetesGranada,balanced_sex_smote,sex,smote,TBR_1,RMSE,35.916,35.87,0.0515,negligible
T1DiabetesGranada,balanced_sex_undersampling,sex,undersampling,TBR_1,RMSE,35.916,35.566,0.3166,small
T1DiabetesGranada,balanced_age_jittering,age,jittering,TBR_1,MAE,30.634,31.176,-0.6797,medium
T1DiabetesGranada,balanced_age_oversampling,age,oversampling,TBR_1,MAE,30.634,30.89,-0.2512,small
T1DiabetesGranada,balanced_age_patient_aware_undersampling,age,patient_aware_undersampling,TBR_1,MAE,30.634,31.136,-0.4233,small
T1DiabetesGranada,balanced_age_reference_proportional,age,reference_proportional,TBR_1,MAE,30.634,31.036,-0.5347,medium
T1DiabetesGranada,balanced_age_smote,age,smote,TBR_1,MAE,30.634,30.246,0.4575,small
T1DiabetesGranada,balanced_age_undersampling,age,undersampling,TBR_1,MAE,30.634,32.198,-1.4175,large
T1DiabetesGranada,balanced_sex_jittering,sex,jittering,TBR_1,MAE,30.634,30.346,0.2588,small
T1DiabetesGranada,balanced_sex_oversampling,sex,oversampling,TBR_1,MAE,30.634,30.61,0.0242,negligible
T1DiabetesGranada,balanced_sex_patient_aware_undersampling,sex,patient_aware_undersampling,TBR_1,MAE,30.634,30.318,0.344,small
T1DiabetesGranada,balanced_sex_reference_proportional,sex,reference_proportional,TBR_1,MAE,30.634,30.748,-0.1205,negligible
T1DiabetesGranada,balanced_sex_smote,sex,smote,TBR_1,MAE,30.634,30.512,0.166,negligible
T1DiabetesGranada,balanced_sex_undersampling,sex,undersampling,TBR_1,MAE,30.634,30.3,0.335,small
T1DiabetesGranada,balanced_age_jittering,age,jittering,TIR,RMSE,26.62,26.696,-0.1086,negligible
T1DiabetesGranada,balanced_age_oversampling,age,oversampling,TIR,RMSE,26.62,26.614,0.0094,negligible
T1DiabetesGranada,balanced_age_patient_aware_undersampling,age,patient_aware_undersampling,TIR,RMSE,26.62,26.936,-0.5269,medium
T1DiabetesGranada,balanced_age_reference_proportional,age,reference_proportional,TIR,RMSE,26.62,26.59,0.0417,negligible
T1DiabetesGranada,balanced_age_smote,age,smote,TIR,RMSE,26.62,26.818,-0.3018,small
T1DiabetesGranada,balanced_age_undersampling,age,undersampling,TIR,RMSE,26.62,26.958,-0.5582,medium
T1DiabetesGranada,balanced_sex_jittering,sex,jittering,TIR,RMSE,26.62,26.604,0.0282,negligible
T1DiabetesGranada,balanced_sex_oversampling,sex,oversampling,TIR,RMSE,26.62,26.62,0.0,negligible
T1DiabetesGranada,balanced_sex_patient_aware_undersampling,sex,patient_aware_undersampling,TIR,RMSE,26.62,26.642,-0.0347,negligible
T1DiabetesGranada,balanced_sex_reference_proportional,sex,reference_proportional,TIR,RMSE,26.62,26.578,0.0614,negligible
T1DiabetesGranada,balanced_sex_smote,sex,smote,TIR,RMSE,26.62,26.6,0.0304,negligible
T1DiabetesGranada,balanced_sex_undersampling,sex,undersampling,TIR,RMSE,26.62,26.612,0.0137,negligible
T1DiabetesGranada,balanced_age_jittering,age,jittering,TIR,MAE,19.364,19.412,-0.1052,negligible
T1DiabetesGranada,balanced_age_oversampling,age,oversampling,TIR,MAE,19.364,19.372,-0.0186,negligible
T1DiabetesGranada,balanced_age_patient_aware_undersampling,age,patient_aware_undersampling,TIR,MAE,19.364,19.578,-0.5033,medium
T1DiabetesGranada,balanced_age_reference_proportional,age,reference_proportional,TIR,MAE,19.364,19.354,0.0215,negligible
T1DiabetesGranada,balanced_age_smote,age,smote,TIR,MAE,19.364,19.486,-0.2787,small
T1DiabetesGranada,balanced_age_undersampling,age,undersampling,TIR,MAE,19.364,19.618,-0.6377,medium
T1DiabetesGranada,balanced_sex_jittering,sex,jittering,TIR,MAE,19.364,19.344,0.0509,negligible
T1DiabetesGranada,balanced_sex_oversampling,sex,oversampling,TIR,MAE,19.364,19.386,-0.0504,negligible
T1DiabetesGranada,balanced_sex_patient_aware_undersampling,sex,patient_aware_undersampling,TIR,MAE,19.364,19.38,-0.0384,negligible
T1DiabetesGranada,balanced_sex_reference_proportional,sex,reference_proportional,TIR,MAE,19.364,19.362,0.0045,negligible
T1DiabetesGranada,balanced_sex_smote,sex,smote,TIR,MAE,19.364,19.348,0.0365,negligible
T1DiabetesGranada,balanced_sex_undersampling,sex,undersampling,TIR,MAE,19.364,19.368,-0.01,negligible
T1DiabetesGranada,balanced_age_jittering,age,jittering,TAR_1,RMSE,42.95,42.866,0.1447,negligible
T1DiabetesGranada,balanced_age_oversampling,age,oversampling,TAR_1,RMSE,42.95,42.92,0.0426,negligible
T1DiabetesGranada,balanced_age_patient_aware_undersampling,age,patient_aware_undersampling,TAR_1,RMSE,42.95,42.522,0.7889,medium
T1DiabetesGranada,balanced_age_reference_proportional,age,reference_proportional,TAR_1,RMSE,42.95,42.97,-0.0393,negligible
T1DiabetesGranada,balanced_age_smote,age,smote,TAR_1,RMSE,42.95,42.706,0.4029,small
T1DiabetesGranada,balanced_age_undersampling,age,undersampling,TAR_1,RMSE,42.95,42.308,0.8984,large
T1DiabetesGranada,balanced_sex_jittering,sex,jittering,TAR_1,RMSE,42.95,43.308,-0.4823,small
T1DiabetesGranada,balanced_sex_oversampling,sex,oversampling,TAR_1,RMSE,42.95,43.426,-0.8536,large
T1DiabetesGranada,balanced_sex_patient_aware_undersampling,sex,patient_aware_undersampling,TAR_1,RMSE,42.95,43.098,-0.2463,small
T1DiabetesGranada,balanced_sex_reference_proportional,sex,reference_proportional,TAR_1,RMSE,42.95,43.194,-0.3544,small
T1DiabetesGranada,balanced_sex_smote,sex,smote,TAR_1,RMSE,42.95,42.82,0.2068,small
T1DiabetesGranada,balanced_sex_undersampling,sex,undersampling,TAR_1,RMSE,42.95,43.296,-0.5782,medium
T1DiabetesGranada,balanced_age_jittering,age,jittering,TAR_1,MAE,33.728,33.58,0.2942,small
T1DiabetesGranada,balanced_age_oversampling,age,oversampling,TAR_1,MAE,33.728,33.72,0.0123,negligible
T1DiabetesGranada,balanced_age_patient_aware_undersampling,age,patient_aware_undersampling,TAR_1,MAE,33.728,33.12,1.3283,large
T1DiabetesGranada,balanced_age_reference_proportional,age,reference_proportional,TAR_1,MAE,33.728,33.69,0.0902,negligible
T1DiabetesGranada,balanced_age_smote,age,smote,TAR_1,MAE,33.728,33.326,0.789,medium
T1DiabetesGranada,balanced_age_undersampling,age,undersampling,TAR_1,MAE,33.728,32.914,1.2252,large
T1DiabetesGranada,balanced_sex_jittering,sex,jittering,TAR_1,MAE,33.728,34.024,-0.4797,small
T1DiabetesGranada,balanced_sex_oversampling,sex,oversampling,TAR_1,MAE,33.728,34.202,-1.0481,large
T1DiabetesGranada,balanced_sex_patient_aware_undersampling,sex,patient_aware_undersampling,TAR_1,MAE,33.728,33.832,-0.2327,small
T1DiabetesGranada,balanced_sex_reference_proportional,sex,reference_proportional,TAR_1,MAE,33.728,34.03,-0.4448,small
T1DiabetesGranada,balanced_sex_smote,sex,smote,TAR_1,MAE,33.728,33.6,0.2703,small
T1DiabetesGranada,balanced_sex_undersampling,sex,undersampling,TAR_1,MAE,33.728,34.066,-0.6491,medium
T1DiabetesGranada,balanced_age_jittering,age,jittering,TAR_2,RMSE,66.332,66.428,-0.0763,negligible
T1DiabetesGranada,balanced_age_oversampling,age,oversampling,TAR_2,RMSE,66.332,66.134,0.1341,negligible
T1DiabetesGranada,balanced_age_patient_aware_undersampling,age,patient_aware_undersampling,TAR_2,RMSE,66.332,65.526,0.5321,medium
T1DiabetesGranada,balanced_age_reference_proportional,age,reference_proportional,TAR_2,RMSE,66.332,66.314,0.0151,negligible
T1DiabetesGranada,balanced_age_smote,age,smote,TAR_2,RMSE,66.332,65.898,0.3249,small
T1DiabetesGranada,balanced_age_undersampling,age,undersampling,TAR_2,RMSE,66.332,66.464,-0.0735,negligible
T1DiabetesGranada,balanced_sex_jittering,sex,jittering,TAR_2,RMSE,66.332,66.266,0.0483,negligible
T1DiabetesGranada,balanced_sex_oversampling,sex,oversampling,TAR_2,RMSE,66.332,66.868,-0.4505,small
T1DiabetesGranada,balanced_sex_patient_aware_undersampling,sex,patient_aware_undersampling,TAR_2,RMSE,66.332,66.56,-0.1479,negligible
T1DiabetesGranada,balanced_sex_reference_proportional,sex,reference_proportional,TAR_2,RMSE,66.332,66.298,0.0274,negligible
T1DiabetesGranada,balanced_sex_smote,sex,smote,TAR_2,RMSE,66.332,67.04,-0.5549,medium
T1DiabetesGranada,balanced_sex_undersampling,sex,undersampling,TAR_2,RMSE,66.332,66.616,-0.1962,negligible
T1DiabetesGranada,balanced_age_jittering,age,jittering,TAR_2,MAE,55.898,56.014,-0.0949,negligible
T1DiabetesGranada,balanced_age_oversampling,age,oversampling,TAR_2,MAE,55.898,55.758,0.0972,negligible
T1DiabetesGranada,balanced_age_patient_aware_undersampling,age,patient_aware_undersampling,TAR_2,MAE,55.898,55.026,0.5688,medium
T1DiabetesGranada,balanced_age_reference_proportional,age,reference_proportional,TAR_2,MAE,55.898,55.918,-0.0159,negligible
T1DiabetesGranada,balanced_age_smote,age,smote,TAR_2,MAE,55.898,55.49,0.3158,small
T1DiabetesGranada,balanced_age_undersampling,age,undersampling,TAR_2,MAE,55.898,55.682,0.147,negligible
T1DiabetesGranada,balanced_sex_jittering,sex,jittering,TAR_2,MAE,55.898,55.738,0.1172,negligible
T1DiabetesGranada,balanced_sex_oversampling,sex,oversampling,TAR_2,MAE,55.898,56.494,-0.528,medium
T1DiabetesGranada,balanced_sex_patient_aware_undersampling,sex,patient_aware_undersampling,TAR_2,MAE,55.898,56.126,-0.1462,negligible
T1DiabetesGranada,balanced_sex_reference_proportional,sex,reference_proportional,TAR_2,MAE,55.898,55.836,0.0499,negligible
T1DiabetesGranada,balanced_sex_smote,sex,smote,TAR_2,MAE,55.898,56.856,-0.7388,medium
T1DiabetesGranada,balanced_sex_undersampling,sex,undersampling,TAR_2,MAE,55.898,56.166,-0.1841,negligible
T1DiabetesGranada,balanced_age_jittering,age,jittering,ENTIRE,RMSE,37.8,37.846,-0.0608,negligible
T1DiabetesGranada,balanced_age_oversampling,age,oversampling,ENTIRE,RMSE,37.8,37.766,0.0402,negligible
T1DiabetesGranada,balanced_age_patient_aware_undersampling,age,patient_aware_undersampling,ENTIRE,RMSE,37.8,37.69,0.1284,negligible
T1DiabetesGranada,balanced_age_reference_proportional,age,reference_proportional,ENTIRE,RMSE,37.8,37.8,0.0,negligible
T1DiabetesGranada,balanced_age_smote,age,smote,ENTIRE,RMSE,37.8,37.718,0.1052,negligible
T1DiabetesGranada,balanced_age_undersampling,age,undersampling,ENTIRE,RMSE,37.8,37.866,-0.0857,negligible
T1DiabetesGranada,balanced_sex_jittering,sex,jittering,ENTIRE,RMSE,37.8,37.87,-0.0803,negligible
T1DiabetesGranada,balanced_sex_oversampling,sex,oversampling,ENTIRE,RMSE,37.8,38.028,-0.2707,small
T1DiabetesGranada,balanced_sex_patient_aware_undersampling,sex,patient_aware_undersampling,ENTIRE,RMSE,37.8,37.884,-0.0963,negligible
T1DiabetesGranada,balanced_sex_reference_proportional,sex,reference_proportional,ENTIRE,RMSE,37.8,37.852,-0.0621,negligible
T1DiabetesGranada,balanced_sex_smote,sex,smote,ENTIRE,RMSE,37.8,37.902,-0.1249,negligible
T1DiabetesGranada,balanced_sex_undersampling,sex,undersampling,ENTIRE,RMSE,37.8,37.934,-0.1571,negligible
T1DiabetesGranada,balanced_age_jittering,age,jittering,ENTIRE,MAE,27.51,27.536,-0.0466,negligible
T1DiabetesGranada,balanced_age_oversampling,age,oversampling,ENTIRE,MAE,27.51,27.51,0.0,negligible
T1DiabetesGranada,balanced_age_patient_aware_undersampling,age,patient_aware_undersampling,ENTIRE,MAE,27.51,27.42,0.1353,negligible
T1DiabetesGranada,balanced_age_reference_proportional,age,reference_proportional,ENTIRE,MAE,27.51,27.512,-0.0036,negligible
T1DiabetesGranada,balanced_age_smote,age,smote,ENTIRE,MAE,27.51,27.414,0.1624,negligible
T1DiabetesGranada,balanced_age_undersampling,age,undersampling,ENTIRE,MAE,27.51,27.522,-0.0231,negligible
T1DiabetesGranada,balanced_sex_jittering,sex,jittering,ENTIRE,MAE,27.51,27.54,-0.044,negligible
T1DiabetesGranada,balanced_sex_oversampling,sex,oversampling,ENTIRE,MAE,27.51,27.702,-0.3132,small
T1DiabetesGranada,balanced_sex_patient_aware_undersampling,sex,patient_aware_undersampling,ENTIRE,MAE,27.51,27.556,-0.0705,negligible
T1DiabetesGranada,balanced_sex_reference_proportional,sex,reference_proportional,ENTIRE,MAE,27.51,27.582,-0.1113,negligible
T1DiabetesGranada,balanced_sex_smote,sex,smote,ENTIRE,MAE,27.51,27.574,-0.1012,negligible
T1DiabetesGranada,balanced_sex_undersampling,sex,undersampling,ENTIRE,MAE,27.51,27.61,-0.1518,negligible
