metric,value,dataset
n_rows,5842135.0,expC_imbalance_severo_diatrend_original
n_patients,40.0,expC_imbalance_severo_diatrend_original
pct_hypo,1.499879752864321,expC_imbalance_severo_diatrend_original
pct_normo,51.954533744940846,expC_imbalance_severo_diatrend_original
pct_hyper,46.54558650219483,expC_imbalance_severo_diatrend_original
autocorr_lag1,0.9931708894730065,expC_imbalance_severo_diatrend_original
roc_violations,247201.0,expC_imbalance_severo_diatrend_original
roc_pct,4.247604803897883,expC_imbalance_severo_diatrend_original
n_rows,6539399.0,expC_imbalance_severo_diatrend_ros
n_patients,40.0,expC_imbalance_severo_diatrend_ros
pct_hypo,12.00246383497933,expC_imbalance_severo_diatrend_ros
pct_normo,46.414876963464074,expC_imbalance_severo_diatrend_ros
pct_hyper,41.582659201556595,expC_imbalance_severo_diatrend_ros
autocorr_lag1,0.9946830687473047,expC_imbalance_severo_diatrend_ros
roc_violations,261492.0,expC_imbalance_severo_diatrend_ros
roc_pct,4.012436324600225,expC_imbalance_severo_diatrend_ros
n_rows,4434015.0,expC_imbalance_severo_diatrend_rus
n_patients,40.0,expC_imbalance_severo_diatrend_rus
pct_hypo,1.97619990009055,expC_imbalance_severo_diatrend_rus
pct_normo,36.69662822520898,expC_imbalance_severo_diatrend_rus
pct_hyper,61.32717187470047,expC_imbalance_severo_diatrend_rus
autocorr_lag1,0.9891407487154907,expC_imbalance_severo_diatrend_rus
roc_violations,230205.0,expC_imbalance_severo_diatrend_rus
roc_pct,5.509864405708689,expC_imbalance_severo_diatrend_rus
n_rows,14206327.0,expC_imbalance_severo_diatrend_smote_temp
n_patients,40.0,expC_imbalance_severo_diatrend_smote_temp
pct_hypo,25.109572657309663,expC_imbalance_severo_diatrend_smote_temp
pct_normo,54.949044886831054,expC_imbalance_severo_diatrend_smote_temp
pct_hyper,19.94138245585928,expC_imbalance_severo_diatrend_smote_temp
autocorr_lag1,0.9725846750713825,expC_imbalance_severo_diatrend_smote_temp
roc_violations,1096645.0,expC_imbalance_severo_diatrend_smote_temp
roc_pct,7.731582266906168,expC_imbalance_severo_diatrend_smote_temp
n_rows,13070119.0,expC_imbalance_severo_diatrend_adasyn
n_patients,40.0,expC_imbalance_severo_diatrend_adasyn
pct_hypo,13.266818764236193,expC_imbalance_severo_diatrend_adasyn
pct_normo,63.37954535838579,expC_imbalance_severo_diatrend_adasyn
pct_hyper,23.35363587737801,expC_imbalance_severo_diatrend_adasyn
autocorr_lag1,0.9587557704272378,expC_imbalance_severo_diatrend_adasyn
roc_violations,1243850.0,expC_imbalance_severo_diatrend_adasyn
roc_pct,9.533055410745662,expC_imbalance_severo_diatrend_adasyn
n_rows,5842135.0,expC_imbalance_severo_diatrend_episode_aware
n_patients,40.0,expC_imbalance_severo_diatrend_episode_aware
pct_hypo,1.499879752864321,expC_imbalance_severo_diatrend_episode_aware
pct_normo,51.954533744940846,expC_imbalance_severo_diatrend_episode_aware
pct_hyper,46.54558650219483,expC_imbalance_severo_diatrend_episode_aware
autocorr_lag1,0.9931708894730065,expC_imbalance_severo_diatrend_episode_aware
roc_violations,247201.0,expC_imbalance_severo_diatrend_episode_aware
roc_pct,4.247604803897883,expC_imbalance_severo_diatrend_episode_aware
n_rows,5844622.0,expC_imbalance_severo_diatrend_patient_level
n_patients,40.0,expC_imbalance_severo_diatrend_patient_level
pct_hypo,1.499908805051892,expC_imbalance_severo_diatrend_patient_level
pct_normo,51.96652580782812,expC_imbalance_severo_diatrend_patient_level
pct_hyper,46.53356538711999,expC_imbalance_severo_diatrend_patient_level
autocorr_lag1,0.9931653411967213,expC_imbalance_severo_diatrend_patient_level
roc_violations,247359.0,expC_imbalance_severo_diatrend_patient_level
roc_pct,4.248504146413223,expC_imbalance_severo_diatrend_patient_level
n_rows,5842135.0,expC_imbalance_severo_diatrend_smogn_like
n_patients,40.0,expC_imbalance_severo_diatrend_smogn_like
pct_hypo,1.499879752864321,expC_imbalance_severo_diatrend_smogn_like
pct_normo,51.954533744940846,expC_imbalance_severo_diatrend_smogn_like
pct_hyper,46.54558650219483,expC_imbalance_severo_diatrend_smogn_like
autocorr_lag1,0.9931708894730065,expC_imbalance_severo_diatrend_smogn_like
roc_violations,247201.0,expC_imbalance_severo_diatrend_smogn_like
roc_pct,4.247604803897883,expC_imbalance_severo_diatrend_smogn_like
n_rows,2385082.0,expG_fragmentacion_t1dgranada_original
n_patients,80.0,expG_fragmentacion_t1dgranada_original
pct_hypo,4.29838470962424,expG_fragmentacion_t1dgranada_original
pct_normo,60.792459127191435,expG_fragmentacion_t1dgranada_original
pct_hyper,34.90915616318432,expG_fragmentacion_t1dgranada_original
autocorr_lag1,0.9649624169563747,expG_fragmentacion_t1dgranada_original
roc_violations,21435.0,expG_fragmentacion_t1dgranada_original
roc_pct,0.9090238267294989,expG_fragmentacion_t1dgranada_original
n_rows,2601248.0,expG_fragmentacion_t1dgranada_ros
n_patients,80.0,expG_fragmentacion_t1dgranada_ros
pct_hypo,12.251273235001046,expG_fragmentacion_t1dgranada_ros
pct_normo,55.74055222723862,expG_fragmentacion_t1dgranada_ros
pct_hyper,32.00817453776034,expG_fragmentacion_t1dgranada_ros
autocorr_lag1,0.9723628183396805,expG_fragmentacion_t1dgranada_ros
roc_violations,21486.0,expG_fragmentacion_t1dgranada_ros
roc_pct,0.8346703234803958,expG_fragmentacion_t1dgranada_ros
n_rows,2021426.0,expG_fragmentacion_t1dgranada_rus
n_patients,80.0,expG_fragmentacion_t1dgranada_rus
pct_hypo,5.07166722897598,expG_fragmentacion_t1dgranada_rus
pct_normo,53.73899415561094,expG_fragmentacion_t1dgranada_rus
pct_hyper,41.18933861541308,expG_fragmentacion_t1dgranada_rus
autocorr_lag1,0.95836807641807,expG_fragmentacion_t1dgranada_rus
roc_violations,21251.0,expG_fragmentacion_t1dgranada_rus
roc_pct,1.1007766714701437,expG_fragmentacion_t1dgranada_rus
n_rows,4974862.0,expG_fragmentacion_t1dgranada_smote_temp
n_patients,80.0,expG_fragmentacion_t1dgranada_smote_temp
pct_hypo,18.611330324338645,expG_fragmentacion_t1dgranada_smote_temp
pct_normo,61.44184502002267,expG_fragmentacion_t1dgranada_smote_temp
pct_hyper,19.94682465563869,expG_fragmentacion_t1dgranada_smote_temp
autocorr_lag1,0.929208680755575,expG_fragmentacion_t1dgranada_smote_temp
roc_violations,178453.0,expG_fragmentacion_t1dgranada_smote_temp
roc_pct,3.6067111793434017,expG_fragmentacion_t1dgranada_smote_temp
n_rows,4564114.0,expG_fragmentacion_t1dgranada_adasyn
n_patients,80.0,expG_fragmentacion_t1dgranada_adasyn
pct_hypo,11.800296837458486,expG_fragmentacion_t1dgranada_adasyn
pct_normo,64.068141155107,expG_fragmentacion_t1dgranada_adasyn
pct_hyper,24.13156200743452,expG_fragmentacion_t1dgranada_adasyn
autocorr_lag1,0.9067106773636254,expG_fragmentacion_t1dgranada_adasyn
roc_violations,193331.0,expG_fragmentacion_t1dgranada_adasyn
roc_pct,4.261155251334786,expG_fragmentacion_t1dgranada_adasyn
n_rows,2393772.0,expG_fragmentacion_t1dgranada_episode_aware
n_patients,80.0,expG_fragmentacion_t1dgranada_episode_aware
pct_hypo,4.29222164851122,expG_fragmentacion_t1dgranada_episode_aware
pct_normo,60.904839725755,expG_fragmentacion_t1dgranada_episode_aware
pct_hyper,34.80293862573378,expG_fragmentacion_t1dgranada_episode_aware
autocorr_lag1,0.9648437959252014,expG_fragmentacion_t1dgranada_episode_aware
roc_violations,21550.0,expG_fragmentacion_t1dgranada_episode_aware
roc_pct,0.9105451693783027,expG_fragmentacion_t1dgranada_episode_aware
n_rows,2405656.0,expG_fragmentacion_t1dgranada_patient_level
n_patients,80.0,expG_fragmentacion_t1dgranada_patient_level
pct_hypo,4.281617986944101,expG_fragmentacion_t1dgranada_patient_level
pct_normo,61.03540988403995,expG_fragmentacion_t1dgranada_patient_level
pct_hyper,34.68297212901595,expG_fragmentacion_t1dgranada_patient_level
autocorr_lag1,0.9646159126253618,expG_fragmentacion_t1dgranada_patient_level
roc_violations,21728.0,expG_fragmentacion_t1dgranada_patient_level
roc_pct,0.913479284856037,expG_fragmentacion_t1dgranada_patient_level
n_rows,2488546.0,expG_fragmentacion_t1dgranada_smogn_like
n_patients,80.0,expG_fragmentacion_t1dgranada_smogn_like
pct_hypo,4.557962762191256,expG_fragmentacion_t1dgranada_smogn_like
pct_normo,61.01892430358933,expG_fragmentacion_t1dgranada_smogn_like
pct_hyper,34.42311293421942,expG_fragmentacion_t1dgranada_smogn_like
autocorr_lag1,0.9620652245863198,expG_fragmentacion_t1dgranada_smogn_like
roc_violations,28390.0,expG_fragmentacion_t1dgranada_smogn_like
roc_pct,1.1533673940315776,expG_fragmentacion_t1dgranada_smogn_like
n_rows,2698262.0,expJ_episodios_cortos_replacebg_original
n_patients,60.0,expJ_episodios_cortos_replacebg_original
pct_hypo,1.752313155653528,expJ_episodios_cortos_replacebg_original
pct_normo,64.48669550992454,expJ_episodios_cortos_replacebg_original
pct_hyper,33.76099133442194,expJ_episodios_cortos_replacebg_original
autocorr_lag1,0.9933482647292233,expJ_episodios_cortos_replacebg_original
roc_violations,59370.0,expJ_episodios_cortos_replacebg_original
roc_pct,2.2255735153377887,expJ_episodios_cortos_replacebg_original
n_rows,3012524.0,expJ_episodios_cortos_replacebg_ros
n_patients,60.0,expJ_episodios_cortos_replacebg_ros
pct_hypo,12.001364968378676,expJ_episodios_cortos_replacebg_ros
pct_normo,57.7595398410104,expJ_episodios_cortos_replacebg_ros
pct_hyper,30.239095190610932,expJ_episodios_cortos_replacebg_ros
autocorr_lag1,0.9942487051437628,expJ_episodios_cortos_replacebg_ros
roc_violations,72179.0,expJ_episodios_cortos_replacebg_ros
roc_pct,2.4205797063539256,expJ_episodios_cortos_replacebg_ros
n_rows,1830911.0,expJ_episodios_cortos_replacebg_rus
n_patients,60.0,expJ_episodios_cortos_replacebg_rus
pct_hypo,2.5824302765126212,expJ_episodios_cortos_replacebg_rus
pct_normo,47.66310323112374,expJ_episodios_cortos_replacebg_rus
pct_hyper,49.75446649236363,expJ_episodios_cortos_replacebg_rus
autocorr_lag1,0.9891726430495766,expJ_episodios_cortos_replacebg_rus
roc_violations,53425.0,expJ_episodios_cortos_replacebg_rus
roc_pct,3.216273228807213,expJ_episodios_cortos_replacebg_rus
n_rows,6467738.0,expJ_episodios_cortos_replacebg_smote_temp
n_patients,60.0,expJ_episodios_cortos_replacebg_smote_temp
pct_hypo,13.595170367136083,expJ_episodios_cortos_replacebg_smote_temp
pct_normo,71.62915380926067,expJ_episodios_cortos_replacebg_smote_temp
pct_hyper,14.775675823603244,expJ_episodios_cortos_replacebg_smote_temp
autocorr_lag1,0.9665286741317847,expJ_episodios_cortos_replacebg_smote_temp
roc_violations,434438.0,expJ_episodios_cortos_replacebg_smote_temp
roc_pct,6.7489676644913095,expJ_episodios_cortos_replacebg_smote_temp
n_rows,5950502.0,expJ_episodios_cortos_replacebg_adasyn
n_patients,60.0,expJ_episodios_cortos_replacebg_adasyn
pct_hypo,11.535295677574766,expJ_episodios_cortos_replacebg_adasyn
pct_normo,71.55717282340213,expJ_episodios_cortos_replacebg_adasyn
pct_hyper,16.907531499023108,expJ_episodios_cortos_replacebg_adasyn
autocorr_lag1,0.9600640328959834,expJ_episodios_cortos_replacebg_adasyn
roc_violations,413285.0,expJ_episodios_cortos_replacebg_adasyn
roc_pct,6.981322384438704,expJ_episodios_cortos_replacebg_adasyn
n_rows,2698262.0,expJ_episodios_cortos_replacebg_episode_aware
n_patients,60.0,expJ_episodios_cortos_replacebg_episode_aware
pct_hypo,1.752313155653528,expJ_episodios_cortos_replacebg_episode_aware
pct_normo,64.48669550992454,expJ_episodios_cortos_replacebg_episode_aware
pct_hyper,33.76099133442194,expJ_episodios_cortos_replacebg_episode_aware
autocorr_lag1,0.9933482647292233,expJ_episodios_cortos_replacebg_episode_aware
roc_violations,59370.0,expJ_episodios_cortos_replacebg_episode_aware
roc_pct,2.2255735153377887,expJ_episodios_cortos_replacebg_episode_aware
n_rows,2707271.0,expJ_episodios_cortos_replacebg_patient_level
n_patients,60.0,expJ_episodios_cortos_replacebg_patient_level
pct_hypo,1.7556794277336845,expJ_episodios_cortos_replacebg_patient_level
pct_normo,64.54355696197388,expJ_episodios_cortos_replacebg_patient_level
pct_hyper,33.700763610292434,expJ_episodios_cortos_replacebg_patient_level
autocorr_lag1,0.9932749034518615,expJ_episodios_cortos_replacebg_patient_level
roc_violations,59606.0,expJ_episodios_cortos_replacebg_patient_level
roc_pct,2.2268997353394338,expJ_episodios_cortos_replacebg_patient_level
n_rows,2698262.0,expJ_episodios_cortos_replacebg_smogn_like
n_patients,60.0,expJ_episodios_cortos_replacebg_smogn_like
pct_hypo,1.752313155653528,expJ_episodios_cortos_replacebg_smogn_like
pct_normo,64.48669550992454,expJ_episodios_cortos_replacebg_smogn_like
pct_hyper,33.76099133442194,expJ_episodios_cortos_replacebg_smogn_like
autocorr_lag1,0.9933482647292233,expJ_episodios_cortos_replacebg_smogn_like
roc_violations,59370.0,expJ_episodios_cortos_replacebg_smogn_like
roc_pct,2.2255735153377887,expJ_episodios_cortos_replacebg_smogn_like
